,YEAR,Rainfall
0,1948,8.140625
1,1948,11.140625
2,1948,25.3125
3,1948,69.140625
4,1948,179.890625
